Room No. F-108,,,,,,,
S.No,Row-I,Row-II,Row-III,Row-IV,Row-V,Row-VI,Row-VII
1,,,,,,,
2,,,,,,,
3,,,,,,,
4,,,,,,,
5,,,,,,,
6,,,,,,,
7,,,,,,,
8,,,,,,,
9,,,,,,,
Room No. F-109,,,,,,,
S.No,Row-I,Row-II,Row-III,Row-IV,Row-V,Row-VI,Row-VII
1,,,,,,,
2,,,,,,,
3,,,,,,,
4,,,,,,,
5,,,,,,,
6,,,,,,,
7,,,,,,,
8,,,,,,,
9,,,,,,,
Room No. F-110,,,,,,,
S.No,Row-I,Row-II,Row-III,Row-IV,Row-V,Row-VI,Row-VII
1,2415094,2415102,2415110,2415119,x,x,x
2,2415095,2415103,2415111,2415120,x,x,x
3,2415096,2415104,2415112,2415121,x,x,x
4,2415097,2415105,2415113,2415122,x,x,x
5,2415098,2415106,2415115,2415123,x,x,x
6,2415099,2415107,2415116,2415124,x,x,x
7,2415100,2415108,2415117,2415125,x,x,x
8,2415101,2415109,2415118,2415126,x,x,x
9,X,X,X,X,x,x,x
Room No. F-111,,,,,,,
S.No,Row-I,Row-II,Row-III,Row-IV,Row-V,Row-VI,Row-VII
1,2415127,2415134,2415141,2415148,2415154,2415161,2415167
2,2415128,2415135,2415142,2415149,2415156,2415162,2415168
3,2415129,2415136,2415143,2415150,2415157,2415163,2415169
4,2415130,2415137,2415144,2415151,2415158,2415164,2415170
5,2415131,2415138,2415145,2415152,2415159,2415165,2415171
6,2415132,2415139,2415146,2415153,2415160,2415166,2415172
7,2415133,2415140,2415147,X,X,X,X
Room No. F-112,,,,,,,
S.No,Row-I,Row-II,Row-III,Row-IV,Row-V,Row-VI,Row-VII
1,2103941,2104238,2103969,2203671,2302339,x,x
2,2103944,2104259,2103974,2203672,2302340,2204250,x
3,2103945,2104262,2103975,2203674,2302343,x,x
4,2103955,2104265,2203294,2203676,2302344,2204279,x
5,2103956,2203606,2203347,2203688,2302347,x,x
6,2103963,2203609,2203374,2302732,2302351,x,x
7,2103965,2203670,2203377,2302735,2302355,x,x
8,X,x,2203378,2302736,2302358,x,x
9,X,X,X,X,X,X,x
Room No. F-113,,,,,,,
S.No,Row-I,Row-II,Row-III,Row-IV,Row-V,Row-VI,Row-VII
1,2302362,2302742,2302409,2302812,2302446,2435358,x
2,2302366,2302744,2302413,2302819,2302448,2435359,x
3,2302375,2302763,2302415,2302834,2434881,2435363,x
4,2302379,2302781,2302425,2302841,2434890,2460280,x
5,2302406,2302784,2302427,2339609,2434894,2204303,x
6,2302407,2302785,2302435,2435350,2434899,2204310,x
7,X,X,2302436,2435356,2435854,2204311,x
8,X,X,X,X,2415086,X,x
9,X,X,X,X,2415087,X,x
Room No. F-114,,,,,,,
S.No,Row-I,Row-II,Row-III,Row-IV,Row-V,Row-VI,Row-VII
1,,,,,,,
2,,,,,,,
3,,,,,,,
4,,,,,,,
5,,,,,,,
6,,,,,,,
7,,,,,,,
8,,,,,,,
9,,,,,,,
Room No. G-9,,,,,,,
S.No,Row-I,Row-II,Row-III,Row-IV,Row-V,Row-VI,Row-VII
1,,,,,,,
2,,,,,,,
3,,,,,,,
4,,,,,,,
5,,,,,,,
6,,,,,,,
7,,,,,,,
8,,,,,,,
9,,,,,,,
Room No. G-10,,,,,,,
S.No,Row-I,Row-II,Row-III,Row-IV,Row-V,Row-VI,Row-VII
1,2421016,2421024,2421034,2421042,2421049,2421056,x
2,2421017,2421026,2421035,2421043,2421050,2421057,x
3,2421018,2421028,2421036,2421044,2421051,2421058,x
4,2421019,2421029,2421037,2421045,2421052,2421059,x
5,2421020,2421030,2421038,2421046,2421053,2421060,x
6,2421021,2421031,2421039,2421047,2421054,2421061,x
7,2421022,2421032,2421040,2421048,2421055,2421062,x
8,2421023,2421033,2421041,X,X,X,x
9,X,X,X,X,X,X,x
Room No. G-11,,,,,,,
S.No,Row-I,Row-II,Row-III,Row-IV,Row-V,Row-VI,Row-VII
1,2421064,2421070,2421076,2421082,2421088,2421095,x
2,2421065,2421071,2421077,2421083,2421089,2421096,x
3,2421066,2421072,2421078,2421084,2421091,2421097,x
4,2421067,2421073,2421079,2421085,2421092,2421099,x
5,2421068,2421074,2421080,2421086,2421093,2421100,x
6,2421069,2421075,2421081,2421087,2421094,2421101,x
Room No. G-11A,,,,,,,
S.No,Row-I,Row-II,Row-III,Row-IV,Row-V,Row-VI,Row-VII
1,2421102,2421108,2421114,2421120,2421126,2421132,x
2,2421103,2421109,2421115,2421121,2421127,2421133,x
3,2421104,2421110,2421116,2421122,2421128,2421134,x
4,2421105,2421111,2421117,2421123,2421129,2421135,x
5,2421106,2421112,2421118,2421124,2421130,x,x
6,2421107,2421113,2421119,2421125,2421131,x,x
Room No. G-4,,,,,,,
S.No,Row-I,Row-II,Row-III,Row-IV,Row-V,Row-VI,Row-VII
1,2421102,2421108,2421114,2421120,2421126,2421132,x
2,2421103,2421109,2421115,2421121,2421127,2421133,x
3,2421104,2421110,2421116,2421122,2421128,2421134,x
4,2421105,2421111,2421117,2421123,2421129,2421135,x
5,2421106,2421112,2421118,2421124,2421130,x,x
6,2421107,2421113,2421119,2421125,2421131,x,x
Room No. G-5,,,,,,,
S.No,Row-I,Row-II,Row-III,Row-IV,Row-V,Row-VI,Row-VII
1,2421102,2421108,2421114,2421120,2421126,2421132,x
2,2421103,2421109,2421115,2421121,2421127,2421133,x
3,2421104,2421110,2421116,2421122,2421128,2421134,x
4,2421105,2421111,2421117,2421123,2421129,2421135,x
5,2421106,2421112,2421118,2421124,2421130,x,x
6,2421107,2421113,2421119,2421125,2421131,x,x
